sex,onlineYearMonth,semester,sexCount,sexTotleTime,sexAverageDuringTime
2,201510,1,851,22100.48333333332,25.97001566784174
1,201510,1,133,2036.1499999999996,15.309398496240599
